{
    "rmse": 0.7091367867742336,
    "mae": 0.5472502481342052,
    "r2": 0.20903624339351978
}