{
    "rmse": 0.6789177771315097,
    "mae": 0.5383101526096541,
    "r2": 0.30946914141544535
}